﻿<?xml version="1.0" encoding="utf-8"?>
<CodeTemplates version="3.0">
  <CodeTemplate version="2.0">
    <Header>
      <_Group>C#</_Group>
      <Version />
      <MimeType>text/x-csharp</MimeType>
      <Shortcut>bindc</Shortcut>
      <_Description>bind command</_Description>
      <TemplateType>Unknown</TemplateType>
    </Header>
    <Variables>
      <Variable name="Command">
        <Default>CommandName</Default>
      </Variable>
      <Variable name="control">
        <Default>controlName</Default>
      </Variable>
    </Variables>
    <Code><![CDATA[this.BindCommand(ViewModel, x => x.$Command$, c => c._$control$)
    .DisposeWith(ControlBindings);]]></Code>
  </CodeTemplate>
</CodeTemplates>