﻿<?xml version="1.0" encoding="utf-8"?>
<CodeTemplates version="3.0">
  <CodeTemplate version="2.0">
    <Header>
      <_Group>C#</_Group>
      <Version />
      <MimeType>text/x-csharp</MimeType>
      <Shortcut>binddialog</Shortcut>
      <_Description>dialog bindings</_Description>
      <TemplateType>Unknown</TemplateType>
    </Header>
    <Variables />
    <Code><![CDATA[this.WhenAnyObservable(x => x.ViewModel.ShowSearchDialog)
    .ObserveOn(RxApp.MainThreadScheduler)
    .Subscribe(async val => await PopupNavigation.PushAsync(_searchDialog))
    .DisposeWith(ControlBindings);

this.WhenAnyValue(x => x.ViewModel.SearchDialog)
    .IsNotNull()
    .DistinctUntilChanged()
    .Where(_ => _searchDialog == null)
    .Select(vm => new MigrationReportSearchDialog(vm))
    .ObserveOn(RxApp.MainThreadScheduler)
    .Subscribe(vm => _searchDialog = vm)
    .DisposeWith(ControlBindings);]]></Code>
  </CodeTemplate>
</CodeTemplates>