﻿<?xml version="1.0" encoding="utf-8"?>
<CodeTemplates version="3.0">
  <CodeTemplate version="2.0">
    <Header>
      <_Group>C#</_Group>
      <Version />
      <MimeType>text/x-csharp</MimeType>
      <Shortcut>cellui</Shortcut>
      <_Description>reacive view cell template</_Description>
      <TemplateType>Unknown</TemplateType>
    </Header>
    <Variables>
      <Variable name="Name">
        <Default>notset</Default>
      </Variable>
    </Variables>
    <Code><![CDATA[public class $Name$Cell : ReactiveViewCell<ViewModels.$Name$Item>
{ 
//using System;
//using EightBot.BigBang.Extensions;
//using EightBot.BigBang.XamForms.Pages;
//using EightBot.BigBang.XamForms.Views;
//using ReactiveUI;
//using ReactiveUI.XamForms;
//using Xamarin.Forms;

    public const int RequestedHeight = Values.Layout.StandardCellHeight;

    Grid _mainLayout;

    public $Name$Cell()
    {
        ViewModel = new ViewModels.$Name$Item();
    } 

    protected override void SetupUserInterface()
    {   
		 _mainLayout = new Grid
            {
                HeightRequest = RequestedHeight,
                Padding = new Thickness(Values.Layout.ThicknessDoublePadding.Left, 0, Values.Layout.ThicknessDoublePadding.Right, 0),
                ColumnDefinitions = new ColumnDefinitionCollection {
                        new ColumnDefinition { Width = GridLength.Star },
                    },
                RowDefinitions = new RowDefinitionCollection {
                        new RowDefinition { Height = GridLength.Star },
                        new RowDefinition { Height = GridLength.Star }
                    }
            };

            View = _mainLayout;
    }

    protected override void BindControls()
    {  
        this.WhenAnyValue(x => x.ViewModel)
		    .IsNotNull()
		    .InvokeCommand(this, x => x.ViewModel.InitializeData);
    }
}]]></Code>
  </CodeTemplate>
</CodeTemplates>