﻿<?xml version="1.0" encoding="utf-8"?>
<CodeTemplates version="3.0">
  <CodeTemplate version="2.0">
    <Header>
      <_Group>C#</_Group>
      <Version>1.0</Version>
      <MimeType>text/x-csharp</MimeType>
      <Shortcut>cw</Shortcut>
      <_Description>Template for Console.WriteLine</_Description>
      <TemplateType>Expansion</TemplateType>
    </Header>
    <Variables>
      <Variable name="SystemConsoleWriteLine" isEditable="false">
        <Default>System.Console.WriteLine</Default>
        <Function>GetSimpleTypeName("System#Console.WriteLine")</Function>
      </Variable>
    </Variables>
    <Code><![CDATA[$SystemConsoleWriteLine$ ($end$);]]></Code>
  </CodeTemplate>
</CodeTemplates>