﻿<?xml version="1.0" encoding="utf-8"?>
<CodeTemplates version="3.0">
  <CodeTemplate version="2.0">
    <Header>
      <_Group>C#</_Group>
      <Version />
      <MimeType>text/x-csharp</MimeType>
      <Shortcut>dw</Shortcut>
      <_Description>debug writeline</_Description>
      <TemplateType>Unknown</TemplateType>
    </Header>
    <Variables>
      <Variable name="&quot;">
        <Default>notset</Default>
      </Variable>
      <Variable name="&quot;{">
        <Default>notset</Default>
      </Variable>
    </Variables>
    <Code><![CDATA[System.Diagnostics.Debug.WriteLine($"{someVar}");]]></Code>
  </CodeTemplate>
</CodeTemplates>