﻿<?xml version="1.0" encoding="utf-8"?>
<CodeTemplates version="3.0">
  <CodeTemplate version="2.0">
    <Header>
      <_Group>C#</_Group>
      <Version />
      <MimeType>text/x-csharp</MimeType>
      <Shortcut>mthrown</Shortcut>
      <_Description>merge thrown exceptions</_Description>
      <TemplateType>Unknown</TemplateType>
    </Header>
    <Variables />
    <Code><![CDATA[Observable
    .Merge(InitializeData.ThrownExceptions,
        RefreshData.ThrownExceptions) 
    .Subscribe(x => {})
    .DisposeWith(ViewModelBindings);]]></Code>
  </CodeTemplate>
</CodeTemplates>