﻿<?xml version="1.0" encoding="utf-8"?>
<CodeTemplates version="3.0">
  <CodeTemplate version="2.0">
    <Header>
      <_Group>C#</_Group>
      <Version />
      <MimeType>text/x-csharp</MimeType>
      <Shortcut>osd</Shortcut>
      <_Description>ObserveOn Subscribe and Dispose</_Description>
      <TemplateType>Unknown</TemplateType>
    </Header>
    <Variables />
    <Code><![CDATA[.ObserveOn(RxApp.MainThreadScheduler)
.Subscribe(_ => {})
.DisposeWith(ControlBindings);]]></Code>
  </CodeTemplate>
</CodeTemplates>