﻿<?xml version="1.0" encoding="utf-8"?>
<CodeTemplates version="3.0">
  <CodeTemplate version="2.0">
    <Header>
      <_Group>C#</_Group>
      <Version />
      <MimeType>text/x-csharp</MimeType>
      <Shortcut>propr</Shortcut>
      <_Description>Reactive Property Definition</_Description>
      <TemplateType>Unknown</TemplateType>
    </Header>
    <Variables>
      <Variable name="type">
        <Default>object</Default>
      </Variable>
      <Variable name="name" isIdentifier="true">
        <Default>propertyName</Default>
      </Variable>
      <Variable name="privateName">
        <Default>propertyName</Default>
      </Variable>
      <Variable name="PropertyName" isIdentifier="true">
        <Default>PropertyName</Default>
      </Variable>
    </Variables>
    <Code><![CDATA[$type$ _$privateName$;

[DataMember]
public $type$ $PropertyName$  {
	get { return _$privateName$; }
	set { this.RaiseAndSetIfChanged(ref _$privateName$, value); }
}]]></Code>
  </CodeTemplate>
</CodeTemplates>