﻿<?xml version="1.0" encoding="utf-8"?>
<CodeTemplates version="3.0">
  <CodeTemplate version="2.0">
    <Header>
      <_Group>C#</_Group>
      <Version>1.0</Version>
      <MimeType>text/x-csharp</MimeType>
      <Shortcut>prop</Shortcut>
      <_Description>Template for a short property</_Description>
      <TemplateType>Expansion</TemplateType>
    </Header>
    <Variables>
      <Variable name="type" isIdentifier="true">
        <Default>object</Default>
        <_ToolTip>Return type of the indexer</_ToolTip>
      </Variable>
      <Variable name="name" isIdentifier="true">
        <Default>MyProperty</Default>
        <_ToolTip>Property name</_ToolTip>
      </Variable>
    </Variables>
    <Code><![CDATA[public $type$ $name$ { get; set; }]]></Code>
  </CodeTemplate>
</CodeTemplates>