﻿<?xml version="1.0" encoding="utf-8"?>
<CodeTemplates version="3.0">
  <CodeTemplate version="2.0">
    <Header>
      <_Group>C#</_Group>
      <Version />
      <MimeType>text/x-csharp</MimeType>
      <Shortcut>rcmd</Shortcut>
      <_Description>reactive command</_Description>
      <TemplateType>Unknown</TemplateType>
    </Header>
    <Variables>
      <Variable name="CommandName">
        <Default>CommandName</Default>
      </Variable>
    </Variables>
    <Code><![CDATA[$CommandName$ =
    ReactiveCommand
	    .CreateAsyncTask(_ =>
		{ 
		    return Task.FromResult(Unit.Default);
		})
		.DisposeWith(ViewModelBindings);]]></Code>
  </CodeTemplate>
</CodeTemplates>