﻿<?xml version="1.0" encoding="utf-8"?>
<CodeTemplates version="3.0">
  <CodeTemplate version="2.0">
    <Header>
      <_Group>C#</_Group>
      <Version />
      <MimeType>text/x-csharp</MimeType>
      <Shortcut>rtrig</Shortcut>
      <_Description>reactive trigger</_Description>
      <TemplateType>Unknown</TemplateType>
    </Header>
    <Variables>
      <Variable name="SomeCommand">
        <Default>notset</Default>
      </Variable>
    </Variables>
    <Code><![CDATA[$SomeCommand$ = ReactiveCommand.Create().DisposeWith(ViewModelBindings);]]></Code>
  </CodeTemplate>
</CodeTemplates>