﻿<?xml version="1.0" encoding="utf-8"?>
<CodeTemplates version="3.0">
  <CodeTemplate version="2.0">
    <Header>
      <_Group>C#</_Group>
      <Version />
      <MimeType>text/x-csharp</MimeType>
      <Shortcut>toolbar</Shortcut>
      <_Description>stubs out some toolbar cood</_Description>
      <TemplateType>Unknown</TemplateType>
    </Header>
    <Variables />
    <Code><![CDATA[//ToolbarItem _add;

_add = new ToolbarItem { Text = "Add" };

this.ToolbarItems.Add(_add);]]></Code>
  </CodeTemplate>
</CodeTemplates>