﻿<?xml version="1.0" encoding="utf-8"?>
<CodeTemplates version="3.0">
  <CodeTemplate version="2.0">
    <Header>
      <_Group>C#</_Group>
      <Version />
      <MimeType>text/x-csharp</MimeType>
      <Shortcut>wao</Shortcut>
      <_Description>when any observable</_Description>
      <TemplateType>Unknown</TemplateType>
    </Header>
    <Variables>
      <Variable name="SomeCommand">
        <Default>Observable</Default>
      </Variable>
      <Variable name="&quot;{val}&quot;);&#xA;    })&#xA;    .DisposeWith(">
        <Default>notset</Default>
      </Variable>
      <Variable name="ControlBindings">
        <Default>ControlBindings</Default>
      </Variable>
    </Variables>
    <Code><![CDATA[this.WhenAnyObservable(x => x.ViewModel.$SomeCommand$)
    .ObserveOn(RxApp.MainThreadScheduler)
    .Subscribe(val => { 
         System.Diagnostics.Debug.WriteLine("{0}", val);
    })
    .DisposeWith($ControlBindings$);]]></Code>
  </CodeTemplate>
</CodeTemplates>