﻿<?xml version="1.0" encoding="utf-8"?>
<CodeTemplates version="3.0">
  <CodeTemplate version="2.0">
    <Header>
      <_Group>C#</_Group>
      <Version />
      <MimeType>text/x-csharp</MimeType>
      <Shortcut>wav</Shortcut>
      <_Description>when any value</_Description>
      <TemplateType>Unknown</TemplateType>
    </Header>
    <Variables>
      <Variable name="Property">
        <Default>PropertyName</Default>
      </Variable>
      <Variable name="local">
        <Default>val</Default>
      </Variable>
      <Variable name="Bindings">
        <Default>ControlBindings</Default>
      </Variable>
    </Variables>
    <Code><![CDATA[this.WhenAnyValue(x => x.ViewModel.$Property$)
    .Subscribe($local$ => { })
    .DisposeWith($Bindings$);]]></Code>
  </CodeTemplate>
</CodeTemplates>